<?xml version="1.0" encoding="UTF-8"?>
<project-private xmlns="http://www.netbeans.org/ns/project-private/1">
    <editor-bookmarks xmlns="http://www.netbeans.org/ns/editor-bookmarks/2" lastBookmarkId="0"/>
    <open-files xmlns="http://www.netbeans.org/ns/projectui-open-files/2">
        <group>
            <file>file:/C:/xampp/htdocs/pack-go/pack&amp;go/src/Entities_offre/offre.java</file>
            <file>file:/C:/xampp/htdocs/pack-go/pack&amp;go/src/Service_offre/Serviceoffre.java</file>
            <file>file:/C:/xampp/htdocs/pack-go/pack&amp;go/src/Gui_offre/OffreController.java</file>
            <file>file:/C:/xampp/htdocs/pack-go/pack&amp;go/src/Gui_pack/AfficherpackController.java</file>
            <file>file:/C:/xampp/htdocs/pack-go/pack&amp;go/src/Gui_pack/PacksController.java</file>
            <file>file:/C:/xampp/htdocs/pack-go/pack&amp;go/src/Gui_pack/Modifier_packController.java</file>
            <file>file:/C:/xampp/htdocs/pack-go/pack&amp;go/src/calendar/calendarController.java</file>
            <file>file:/C:/xampp/htdocs/pack-go/pack&amp;go/src/calendar/calendar.fxml</file>
            <file>file:/C:/xampp/htdocs/pack-go/pack&amp;go/src/Entities_pack/packs.java</file>
            <file>file:/C:/xampp/htdocs/pack-go/pack&amp;go/src/Service_pack/Servicepack.java</file>
            <file>file:/C:/xampp/htdocs/pack-go/pack&amp;go/src/pack/go/PackGo.java</file>
            <file>file:/C:/xampp/htdocs/pack-go/pack&amp;go/src/Gui_offre/offre.fxml</file>
            <file>file:/C:/xampp/htdocs/pack-go/pack&amp;go/src/Gui_offre/ModifierEtSuppOffreController.java</file>
        </group>
    </open-files>
</project-private>
